{
    "loss": 0.1461416631937027,
    "accuracy": 0.9537572264671326
}