{
    "loss": 0.24574048817157745,
    "accuracy": 0.9190751314163208
}